[{"name":"vc.builder","duration":4606,"timestamp":1112015416,"id":"2e43d143-226b-43e0-8530-cecf28fe8bec","parentId":"97462d92-f6a0-4c4a-9c47-71c6f692a1f9","tags":{"name":"@vercel/static"},"startTime":1746731260565},{"name":"vc.builder.diagnostics","duration":74,"timestamp":1112020138,"id":"f5577ad8-a336-415c-b230-2f1804a3f930","parentId":"2e43d143-226b-43e0-8530-cecf28fe8bec","tags":{},"startTime":1746731260570},{"name":"vc.builder.writeBuildResult","duration":345219,"timestamp":1112020299,"id":"e2c50af0-5cf2-488d-91e0-29e36c42c0c3","parentId":"2e43d143-226b-43e0-8530-cecf28fe8bec","tags":{"buildOutputLength":"1"},"startTime":1746731260570},{"name":"vc.doBuild","duration":545380,"timestamp":1111834119,"id":"97462d92-f6a0-4c4a-9c47-71c6f692a1f9","parentId":"9707f0a9-0bed-4c5b-82fa-e95b89fba179","tags":{},"startTime":1746731260384},{"name":"vc","duration":8591029,"timestamp":1103788513,"id":"9707f0a9-0bed-4c5b-82fa-e95b89fba179","tags":{},"startTime":1746731252338}]